Title,sentiment
PSA: I lost nearly all my bitcoin by mining bitcoin,-0.3182
Can bitcoin really go to the moon anymore? ,0.0
Is bitcoin a buy?,0.0
Bitcoin explained in 23 seconds,0.0
I asked AI to predict Bitcoin price,0.0
So i found an old bitcoin wallet from 2009! ,0.0
"While you are panic selling, whales are buying...HODL your bitcoin!",-0.5562
Am I being a fool? I bought some Bitcoin,-0.4404
If Bitcoin shoots up to $200k how many of you would sell all?,0.0
People who hold a lot of Bitcoin: what is your theory of how it will maintain and grow long-term value?,0.34
Thank you bitcoin,0.3612
"A Mysterious Bitcoin Whale who sold 3000 Bitcoins at 58K$, Bought back 3521 Bitcoins in the last three days",0.0
Trump announces plans for US Bitcoin strategic reserve,0.0
Buying Bitcoin on Robinhood is not owning Bitcoin.,0.0
"Bitcoin Bull, unveiled moments ago at Bitcoin conference Miami?? Bullish.",0.0
BITCOIN BITCOIN BITCOIN BITCOIN BITCOIN BITCOIN BITCOIN BITCOIN BITCOIN BITCOIN BITCOIN BITCOIN BITCOIN BITCOIN BITCOIN BITCOIN BITCOIN BITCOIN BITCOIN BITCOIN BITCOIN BITCOIN BITCOIN BITCOIN BITCOIN BITCOIN BITCOIN BITCOIN BITCOIN BITCOIN BITCOIN BITCOIN BITCOIN BITCOIN BITCOIN,0.0
Whats happening with bitcoin?,0.0
Bitcoin spot ETF finally approved,0.4215
Bitcoin explained,0.0
Bitcoin is dead. Long live bitcoin.,-0.6486
Would you sell your bitcoin?,0.0
Not Buying Bitcoin in 2011,0.0
Bitcoin at $51k,0.0
Bitcoin hits 64k,0.0
Bitcoin under 20k,0.0
Trump says remaining Bitcoin must be made in US,0.0
Bitcoin 101,0.0
Bitcoin Bros are something else,0.0
#Bitcoin $60000,0.0
Real bitcoin vs the bitcoin ETFs,0.0
Bitcoin Vs. Bitcoin Spot ETFs: the great illusion has started. Beware.,0.6249
Bitcoin miners,0.0
"""Bitcoin"" Google Search Trend vs Bitcoin Value [OC]",0.34
"Bitcoin falls below $400 - Bitcoin falls below $4000 - Bitcoin falls below $4,000 & Bitcoin WILL fall below $40,000 ??",0.0
A boy asked his bitcoin-investing dad for 1 bitcoin for his birthday,0.0
"Bitcoin price breaks $69,000",0.0
"Bitcoin Whales Acquire Staggering $5,200,000,000 in Bitcoin in Just 28 Days",0.0
Buy Bitcoin sign guy sells his moment in Bitcoin history for 16 BTC,0.0
Bitcoin ETF 2024.,0.0
"Yesterday Michael Saylor said ""The endgame is to acquire more Bitcoin. Whoever gets the most Bitcoin wins.""",0.6096
"MicroStrategy Buys $15 Million Bitcoin, Rejects Elon Musk?? Bitcoin Criticism",-0.755
Banks want to kill Bitcoin. Wealthy want to kill Bitcoin. Economists want to kill Bitcoin. Governments want to kill Bitcoin. They??l all learn you can?? kill Bitcoin.,-0.9743
Bitcoin today,0.0
Bitcoin YOLO time?,0.4278
#bitcoin #fiat,0.0
Bitcoins Breaks 60k,0.0
Oh no not the Bitcoin industry,-0.296
"Bitcoin reached $69,420 today.",0.1027
Where were you when Bitcoin crashed?,0.0
Why Bitcoin,0.0
Bitcoin CEO (meme) guy is now a bitcoiner?,0.0
From 0.5 BTC to 6 BITCOINS ????,0.0
Bitcoin price: $8. Legend ??,0.0
Bitcoin at $33k...,0.0
Casually Explained: Bitcoin,0.1779
I had 1.5 Bitcoin,0.0
Bitcoin going to $1M by 2025,0.0
Flooded Bitcoin mining farm,0.0
"Danish Bitcoin billionaire new sponsor of professional Danish ice hockey team. Stadium to be renamed ""Bitcoin Arena"" and get a huge Bitcoin logo in the middle of the ice!",0.3802
Bitcoin?? price is plunging dramatically,0.0
People who bought Bitcoin at 15K:,0.0
The Bitcoin Crash Of 2024,-0.4019
"Bitcoin Breaks Above $65,000",0.0
"I designed this Bitcoin shirt that doesn't look like a Bitcoin shirt for anyone who's not into Bitcoin, hope y'all like it because I love it.",0.4912
"Elon Musk : ""Tesla operates Bitcoin nodes directly. Bitcoin paid to Tesla will be retained as Bitcoin, not converted to fiat currency.""",0.0258
Kraken Bitcoin Halving Giveaway Competition,0.0
Bitcoin is dead...again.,0.0
Future is here #Bitcoin,0.0
Bitcoin is money!!,0.0
Over 2 percent of the US?? electricity generation now goes to bitcoin,0.0
"25,000$ into bitcoin",0.0
r/bitcoin reacts to Jordon Peterson joining the speaker list of Miami bitcoin conference,0.0
"Jordan Peterson has boycotted Patreon and raised a whole $800 in bitcoin donations in a week. As required, /r/Bitcoin discusses if this is good for bitcoin",0.0516
TIL: there used to be a Bitcoin faucet that literally gave away 5 bitcoins just to solve a CAPTCHA,0.2023
Bitcoin trial: Defendant wins dispute over $50B in Bitcoin,0.25
El Salvador just bought 410 Bitcoins.,0.0
Tesla suspended vehicle purchases using Bitcoin,-0.4767
Tibetan woman holding Bitcoin mining PSUs,0.0
I just sold everything for Bitcoin.,0.0
Bitcoin is ??????????,0.0
Cramer says bitcoin will go down,0.0
Now that El Salvador has accepted Bitcoin as legal tender Tesla is forced to accept bitcoin as payment.,0.296
Bitcoin PLUMMETED to just $50k recently,0.0
"Bitcoin Miami Conference warns attendees it's a ""Bitcoin"" not ""Crypto"" conference and not to talk about other coins. Floyd Mayweather:",-0.1027
Biden on Bitcoin,0.0
Never selling bitcoin,0.0
Bitcoin price tanks hours after Trump floats using it as US reserve asset,0.3612
Steam game has DLC to remove bitcoin miner,0.0
Inside the 'Nightmare' Health Crisis of a Texas Bitcoin Town,-0.6249
Yeah! Bitcoin!,0.4184
Bitcoin turns 10.,0.0
The power of Bitcoin. ??? ,0.0
"Kevin O??eary, Shark Tank host : ?? don?? care if it goes down $20,000 or up $20,000. I?? not selling it. One bitcoin is one bitcoin. I?? in it for the long run.??""Nothing Will Replace Bitcoin"".",0.6322
FTX had 0 bitcoin. Binance has > 600k bitcoin that is publicly verifiable. Get your bitcoin out but stop the silly FUD,-0.7506
My Wife is leaving because bitcoin.,0.0
"Sell your Bitcoin if you're going to be having a hemorrhoid every time Bitcoin drops. This is not a crash, not a plunge... This is nothing, and if you don't get that, you are going to be miserable owning Bitcoin.",-0.2363
Donald Trump?? Plan to Hoard Billions in Bitcoin Has Economists Stumped,0.0
Bitcoin ark,0.0
"Goodbye Visa, Hello Bitcoin",0.0
Bitcoinity USD $4000 gif,0.0
"""Bitcoin is going to zero""",0.0
"40% of bitcoin investors are now underwater, new data shows",0.0
Why Bitcoin will hit $700k Soon:,0.0
"Bitcoin price surges past $69,000 to new all-time high",0.0
Hackers Steal $70 Million in Bitcoin,-0.4939
My Bitcoin meme art,0.0
Bitcoin Doesn't Give a Fuck.,0.431
Bitcoin finally decouples from the stock market!,0.0
Bitcoin Trading,0.0
Why is BITCOIN not pumping after Bitcoin spot ETF approval?,0.4767
"TIL that in the first ""real-world transaction with bitcoin"" a programmer paid 10,000 bitcoins for 2 large Papa John's pizzas. 4 years later, those bitcoins were worth 5.12 million dollars.",0.2263
"$15,000 Bitcoin Breached!",0.0
New Bitcoin ranking.,0.0
Bitcoin fixes this.,0.0
May 22 Bitcoin pizza day .,0.0
My father who was skeptical of bitcoin is angry he didn?? put his yearly bonus in bitcoin back in 2019 ,-0.3527
"Bitcoin is up 1300% since Dave Ramsey said, ??itcoin??s a really good way to turn $1M into nothing.??,2024-05-26 00:47:35,
Chinese Bitcoin mine being packed up after ban,2021-06-27 00:45:17,
I may have some bitcoins",0.6313
The original Bitcoin faucet used to give away 5 whole bitcoins,0.3182
Look out Bitcoin,0.0
"13 years ago today, a $110 million Bitcoin mistake ??,2024-05-16 10:52:39,
Bitcoin ??Crypto,2022-11-23 14:07:33,
Tell me you are a bitcoiner without telling me you are a bitcoiner,2023-05-26 11:50:48,
Elon?? Bitcoin Stance,2021-05-12 22:46:35,Just a thought but what the heck. Elon hates Hedgies.  Elon knows that Hedgies are using crypto currency to stave off margins calls and generate money in an unregulated environment. How do you crash crypto? Elon makes an announcement that he is no longer supporting it under the guise of environmental issues. Hedgies alternative liquidity (crypto) is falling plus the market value is falling Hedgies can no longer sustain revenue and guess what happens next?  MARGIN CALL. ELON WINS ",-0.8839
"GME Soars!!!!""",0.0
This is why we Bitcoin,0.0
"10 years ago today, a BitcoinTalk user lost $600 in bitcoin. That bitcoin would now be worth $100 Million.",-0.1027
"SBF admits when you bought Bitcoin on FTX you only bought an entry in their books, never actual bitcoin",0.296
Bitcoin vs The Fed,0.0
Bitcoin Owner!,0.0
Hayek predicting bitcoin. MUST SEE.,0.0
Own a house or Bitcoin?,0.0
"Bitcoin went $43,000 to $19,000 in the last six months. 77.7% of all bitcoin did not even move ????",0.0
"We Have Our First Bitcoin Royalty: Prince Philip of Yugoslavia, ""Not Crypto, But Bitcoin. It's Only About Bitcoin. Bitcoin is Freedom... We Need To Take The Money Away From The State...We Need Hard Money Again, Without Inflation.""",0.7351
Bitcoiners were right all along!,0.0
Anon buys Bitcoin,0.0
"I put my entire savings 20,000$ into Bitcoin. With the intent to hold my savings in Bitcoin instead of fiat.",0.0
"If you want bitcoin prices to rise, stop leaving bitcoin on exchanges.",-0.2263
Before bitcoin it was this...,0.0
"love it or hate it, Bitcoin changed my life",0.128
Bitcoin briefly spiked 10% after a false report said the SEC approved BlackRock's spot bitcoin ETF,0.4215
Bitcoin Right Now,0.0
Everytime Bitcoin drops,0.0
"Bitcoin at $48,000",0.0
"With bitcoin over $36,000, MicroStrategy is now over $1 billion in profit from bitcoin purchases.",0.4404
BITCOIN ON THE VEGAS SPHERE ??,0.0
"r/bitcoin mods removed top post: ""The rich don't need Bitcoin. The poor do""",0.3182
"Sell your Bitcoin, take some profits...",0.4404
The true power of Bitcoin ??,0.4871
A typical bitcoin investor,0.0
Surprised raid on Bitcoin mining facility,0.2263
Bitcoin in 10 years. 2034,0.0
I finally full Bitcoiner :),0.4588
PayPal To Begin Allowing Bitcoin Withdrawals,0.0
You don't own Bitcoin,0.0
Been buying bitcoin every month for 76 months now,0.0
Tesla no longer accepts Bitcoin according to Musk,-0.4874
BREAKING: The SEC has officially approved the Spot Bitcoin ETFs,0.4215
"#Bitcoin $30,000 ????",0.0
I drunkenly bought $4500 of bitcoin last night.,0.0
"Buying Bitcoin at $9,700",0.0
Bitcoin Demand Shock,-0.4767
Bitcoin mining farm gets flooded,0.0
How To Invest In Bitcoin,0.0
Bitcoin | Rick and Morty,0.0
Debating Bitcoin,0.0
Bitcoin hitting 21k,0.0
nan,0.0
"Dad: $9.67? What do you need $10.32 for?""",0.0
"I'm not buying Bitcoin because I want more USD, I'm buying Bitcoin because I DON'T WANT USD",-0.1191
They say he has a whole bitcoin,0.0
Democrats making a U turn on Bitcoin,0.0
All the Bitcoin shorters now??2024-05-21 10:53:51,0.0
Bitcoin running ??,0.0
"The 9 new Bitcoin ETFs now hold 258,770 $BTC in total, buying an average of ~10,000 Bitcoin a day ??",0.0
Finally made it to 1 complete Bitcoin.,0.0
Welp I finally sold some bitcoin ,0.0
"Bitcoin once again slips below $20,000",0.0
Bitcoin lifehacks,0.0
"Evidence that the mods of /r/Bitcoin may have been involved with the hacking and vote manipulation ""attack"" on /r/Bitcoin.",-0.6486
Bitcoin is King,0.0
Tesla Sells Bitcoin,0.0
Bitcoin?? not gonna dip before the halving??2024-04-13 21:04:55,0.0
A bit over a month ago Jim Cramer advised people to sell Bitcoin. Since then Bitcoin has gone up more than 40%,0.0
Linus Tech Tips YouTube Channel Hacked By Bitcoin Scammers,-0.4019
Bitcoin is breaking new records,0.0
Bitcoin Pushes Through $60K for First Time Since November 2021 ,0.0
Bitcoin is going to zero!,0.0
Bitcoin Network is still Running,0.0
How confident are you in Bitcoin?,0.4939
5 bitcoins for that?,0.0
"Crypto Whale Moves over 74,105 Bitcoin ($1.58B In Bitcoin) To An Unknown Wallet",0.0
This house in the middle of a neighborhood. Bitcoin mining center,0.0
A Texas Town's Misery Underscores the Impact of Bitcoin Mines,-0.5719
Bitcoin CEO,0.0
Donald Trump?? Plan to Hoard Billions in Bitcoin Has Economists Stumped ,0.0
Chinese Bitcoin mine being packed up after ban,-0.5574
"First Bitcoin Billionaires Winklevoss Twins On Bitcoin: ""We??e HODLers Until At Least $500,000??,2021-06-06 18:14:14,
Salvadoran Bitcoin miners powered by volcano geothermal.,2022-01-10 12:51:03,
Bitcoin Returns since 2010...,2022-11-22 13:21:35,
Bitcoin in 5 years ,2024-03-31 15:46:10,Say Bitcoin goes to 100k or 1M in next few years. My concern is in 5 years",0.0
nan,0.0
Edit: In 2010 the reason for someone not being in Bitcoin was they hadn?? discovered it yet. Say now or 2027,0.0
nan,0.0
The number of people that were discovering Bitcoin and deciding to get in is approaching zero. Say by 2030 everyone will have discovered about Bitcoin and would have made the decision to get in or not. Zero people will be unaware of it,-0.128
nan,0.0
Edit 2: The question is most people have been unaware of Bitcoin until recently. Consider this scenario; 100 new people will discover about Bitcoin today,-0.2023
"When Nocoiners Say ""Bitcoin Has No Value""",-0.2584
"""Thieves rip bitcoin ATM from crypto-store in Barcelona"" - Did they think it was full of Bitcoin?",-0.5106
Focus on Bitcoin,0.0
Bitcoin priced at infinity on Simpsons.,0.0
Bitcoin?,0.0
"I have a house, I want a Bitcoin",0.0772
SLPT: flip bitcoin,0.0
Bitcoin drops to six-month low as investors dump speculative assets,-0.3818
Bitcoin mining company buys Pennsylvania power plant to meet electricity needs,0.0
Bitcoin ruined investing for me,-0.4767
Don't buy Bitcoin.,0.0
Bitcoiners in 2021,0.0
"3 years ago I was downvoted for saying Bitcoin can still make you rich. ??aha yeah bud, sure it will?? Bitcoin is up 1300% since then. Nice.",0.897
Dont trust the Banks. Buy Bitcoin #bitcoin,-0.4023
"Bitcoin to $10,000 is becoming a realistic possibility.",0.0
Bitcoin teaches you about inflation,0.0
"When Bitcoin falls below $400,000",0.0
Due Diligence on Bitcoin,0.0
"Everyone talks about the guy who paid 10,000 bitcoin, no one talks about the guy who received 10,000 bitcoin for pizzas",-0.296
"It's official! 1 Bitcoin = $10,000 USD",0.0
"Drop Coca Cola, buy Bitcoin.",-0.2732
Bitcoin 2029,0.0
You Said Bitcoin Was Stable,0.296
"Bitcoin has reached $20,000!",0.1759
Bitcoin Money Manipulation at a whole another level!,-0.3595
"Bitcoin is dead, trust me bro",-0.25
I think I finally understand bitcoin.,0.0
"As Bitcoin Heads for $100K, Don?? Forget the Deeper Meaning of the Bitcoin Revolution.",-0.3094
Crypto Fans Disgusted by Trump's Rambling Appearance at Bitcoin Event,-0.5267
Bitcoin makes renewable energy viable,0.2732
"Erik Voorhees: ??oger - please stop referencing me to back up your opinion that Bitcoin Cash is Bitcoin. It isn't. Bitcoin is the chain originating from the genesis block with the highest accumulated proof of work. The Bitcoin Cash fork failed to gain majority, thus it is not Bitcoin.??,2018-04-27 02:32:27,
From """"I've never met anyone that's owned bitcoin before"""" to """"I'll go home and read about what Bitcoin is.""""""",-0.5661
Best Bitcoin ad I??e ever seen,0.6767
